country	incomeperperson	alcconsumption	armedforcesrate	breastcancerper100th	co2emissions	femaleemployrate	hivrate	internetuserate	lifeexpectancy	oilperperson	polityscore	relectricperperson	suicideper100th	employrate	urbanrate	Population (2014)	1 Year Change	Population	Migrants (net)	Median Age	Aged 60+	Fertility Rate	Area (Km2)	Density	Urban Pop%	Urban Population	Share of World Pop
Afghanistan		0.03	0.5696534	26.8	75944000	25.60000038	 	3.654121623	48.673	 	0	 	6.6843853	55.70000076	24.04	31280518	0.0239	728844	-90458	16.8	0.04	5.24	652085	48	0.24	7652414	0.0043
Albania	1914.996551	7.29	1.0247361	57.4	223747333.3	42.09999847	 	44.98994696	76.918	 	9	636.3413834	7.699329853	51.40000153	46.72	3185413	0.0038	12142	-12466	33.2	0.16	1.78	28748	111	0.57	1800743	0.0004
Algeria	2231.993335	0.69	2.306817	23.5	2932108667	31.70000076	0.1	12.50007331	73.131	0.420094525	2	590.5098143	4.848769665	50.5	65.22	39928947	0.0184	720753	-9960	27.2	0.08	2.8	2381685	17	0.75	30093970	0.0055
Andorra	21943.3399	10.17	 	 	 		 	81	 	 		 	5.362178802		88.92												
Angola	1381.004268	5.57	1.4613288	23.1	248358000	69.40000153	2	9.999953883	51.093	 	-2	172.9992274	14.55467701	75.69999695	56.7	22137261	0.031	665643	13709	16.3	0.04	6.02	1246678	18	0.61	13595362	0.0031
Antigua and Barbuda	11894.46407	8.17	 	 	16225000		 	80.64545455	 	 		 	2.1618433		30.46	90903	0.0102	918	-12	30.7	0.11	2.11	442	206	0.3	27137	0
Argentina	10749.41924	9.35	0.560987	73.9	5872119000	45.90000153	0.5	36.00033495	75.901	0.635943801	8	768.4282997	7.765584	58.40000153	92	41803125	0.0086	356879	-22974	31.3	0.15	2.2	2780387	15	0.93	38848372	0.0058
Armenia	1326.741757	13.66	2.6184384	51.6	51219666.67	34.20000076	0.1	44.00102458	74.241	 	5	603.7630576	3.741587877	40.09999847	63.86	2983990	0.0025	7424	-12216	33	0.15	1.74	29800	100	0.64	1917546	0.0004
Aruba		 	 	 	35871000		 	41.80088889	75.246	 		 	 		46.78	103431	0.0051	520	-203	39.9	0.18	1.69	180	575	0.47	48772	0
Australia	25249.98606	10.21	0.4862799	83.2	12970092667	54.59999847	0.1	75.8956538	81.907	1.913026109	10	2825.391095	8.470030125	61.5	88.74	23630169	0.0123	287616	163179	37.3	0.2	1.88	7739983	3	0.9	21179230	0.0033
Austria	26692.98411	12.4	0.8155798	70.5	4466084333	49.70000076	0.3	72.73157554	80.854	1.548790966	10	2068.123309	13.09437	57.09999847	67.16	8526429	0.0037	31284	30371	43	0.24	1.45	83858	102	0.68	5824085	0.0012
Azerbaijan	2344.896916	13.34	1.9767462	31.5	511107666.7	56.20000076	0.1	46.67970157	70.739	0.35917261	-7	921.5621108	1.380964637	60.90000153	51.92	9514887	0.0108	101467	0	30.1	0.09	1.94	86600	110	0.54	5173624	0.0013
Bahamas	19630.54055	8.65	0.5452863	54.4	137555000	60.70000076	3.1	42.98458017	75.62	 		 	3.374415874	66.59999847	83.7	382571	0.0138	5197	2094	32.1	0.12	1.89	13878	28	0.85	324536	0.0001
Bahrain	12505.21254	4.19	5.2311429	40.2	503994333.3	30.20000076	 	54.99280903	75.057	 	-7	7314.355637	4.414990425	60.40000153	88.52	1344111	0.009	11940	7408	30.1	0.04	2.12	694	1937	0.89	1194843	0.0002
Bangladesh	558.0628766	0.17	0.2878915	16.6	598774000	53.59999847	0.06	3.70000326	68.944	0.032281466	5	68.11522858	14.53835678	68.09999847	27.14	158512570	0.0122	1917608	-456443	25.4	0.07	2.24	143998	1101	0.3	47334620	0.0219
Barbados	9243.587053	6.42	0.6639555	62.5	36160666.67	60.29999924	1.4	70.02859927	76.835	 		 	3.108602524	66.90000153	39.84	286066	0.005	1422	400	37.1	0.17	1.84	430	665	0.46	131361	0
Belarus	2737.670379	18.85	3.7119299	36	999874333.3	48.59999847	0.3	32.05214391	70.349	0.68782808	-7	614.9072872	26.8746903	53.40000153	73.46	9307609	-0.0052	-49069	2650	39.4	0.2	1.47	207602	45	0.76	7095843	0.0013
Belgium	24496.04826	10.41	0.8156477	92	10897025333	41.70000076	0.2	73.73393447	80.009	 	8	1920.962215	15.95385	48.59999847	97.36	11144420	0.0036	39944	35305	41.7	0.24	1.84	30528	365	0.98	10874010	0.0015
Belize	3545.652174	5.92	0.7583556	29.8	14058000	38.79999924	2.3	12.64573333	76.072	 		 	9.388795853	56.79999924	51.7	339758	0.0237	7858	1485	23.3	0.06	2.75	22966	15	0.44	150224	0
Benin	377.0396995	2.08	0.2233986	28.1	37950000	58.20000076	1.2	3.129961803	56.081	 	7	38.22294336	6.057739735	71.59999847	41.2	10599510	0.0267	276036	2759	18.5	0.05	4.97	112622	94	0.47	4965003	0.0015
Bermuda	62682.14701	 	 	 	20331666.67		 	84.65451409	 	 		 	 		100												
Bhutan	1324.194906	0.54	 	21.8	6024333.333	39.90000153	0.2	13.59887603	67.185	 	3	 	15.54260254	58.40000153	34.48	765552	0.0154	11605	2219	26.2	0.07	2.32	47001	16	0.38	289801	0.0001
Bolivia	1232.794137	5.78	1.8821978	24.7	254939666.7	61.59999847	0.2	20.00171014	66.618	 	7	213.0616137	2.034178495	70.40000153	65.58	10847664	0.0165	176464	-26433	22.6	0.07	3.3	1098609	10	0.68	7381135	0.0015
Bosnia and Herzegovina	2183.344867	9.6	0.4628471	58.9	236419333.3	34.90000153	 	52.00206064	75.67	 		927.1194974	11.8367157	41.20000076	47.44	3824746	-0.0012	-4561	-1303	39.8	0.21	1.27	51197	75	0.5	1907823	0.0005
Botswana	4189.436587	6.97	1.1319097	33.4	78943333.33	38.70000076	24.8	5.999835575	53.183	 	8	454.7957053	11.21397018	46	59.58	2038587	0.0086	17443	3948	22.7	0.06	2.69	581789	4	0.64	1294811	0.0003
Brazil	4699.411262	10.08	0.7213964	46	9580226333	53.29999924	0.45	40.650098	73.488	0.599651789	8	498.1653052	4.777007	64.5	85.58	202033670	0.0083	1671745	-46113	30.7	0.12	1.83	8514209	24	0.85	172549088	0.0279
Brunei	17092.46	1.86	4.683989	20.6	254206333.3	55.5	 	49.98997494	78.005	 		3067.498901	1.370001554	63.79999924	74.82	423205	0.013	5421	404	30.8	0.08	2.03	5765	73	0.77	326071	0.0001
Bulgaria	2549.558474	11.4	2.0433877	46.2	3157700333	42.09999847	0.1	45.98658991	73.371	0.560423531	9	1380.869289	9.216544	47.29999924	71.1	7167998	-0.0076	-54945	-11067	43.2	0.27	1.51	110912	65	0.75	5357789	0.001
Burkina Faso	276.200413	7.32	0.1629041	30.6	20628666.67	75.80000305	1.2	1.4000607	55.439	 	0	 	8.204221725	81.30000305	19.56	17419615	0.0286	484776	-25000	17.2	0.04	5.73	274001	64	0.29	5048742	0.0024
Burundi	115.3059959	9.65	1.1577498	19.5	8092333.333	83.30000305	3.3	2.100212706	50.411	 	6	 	14.68093586	83.19999695	10.4	10482752	0.0315	320220	6091	17.6	0.04	6.16	27834	377	0.12	1233966	0.0014
Cambodia	557.9475126	4.71	2.5364458	21.5	45411666.67	73.40000153	0.5	1.259933609	63.125	 	2	51.58131958	4.961071491	78.90000153	21.56	15408270	0.018	273101	-40717	24.7	0.08	2.92	181035	85	0.21	3168936	0.0021
Cameroon	713.6393027	7.9	0.305758	29.7	125172666.7	49	5.3	3.999977346	51.61	 	-4	59.55124498	7.214220524	59.09999847	56.76	22818632	0.0254	564673	-10696	18.4	0.05	4.89	475438	48	0.54	12274491	0.0032
Canada	25575.35262	10.2	0.3429763	84.3	24979045667	58.90000153	0.2	81.33839269	81.012	3.007355851	10	4772.370648	10.10099	63.5	80.4	35524732	0.0098	343028	225751	40.3	0.22	1.66	9970455	4	0.81	28769673	0.0049
Cape Verde	1959.844472	4.98	0.4833248	28.1	5214000	43.59999847	 	29.99993952	74.156	 		 	5.633333683	55.90000153	59.62	503637	0.0095	4740	-3880	24.7	0.08	2.38	4033	125	0.65	326346	0.0001
Cayman Islands		 	 	 	8968666.667		 	66	 	 		 	 		100												
Central African Rep.	239.5187494	3.17	0.1486587	16.5	8338000	62.90000153	4.7	2.300026653	48.398	 	-1	 	13.54841995	71.30000305	38.58												
Chad	275.8842865	4.39	0.8358123	16.5	7608333.333	66.30000305	3.4	1.700031496	49.553	 	-2	 	8.283070564	68.90000153	26.68	13211146	0.0301	385832	-20145	15.9	0.04	6.42	1284007	10	0.22	2919644	0.0018
Chile	6334.105194	8.81	1.3411144	43.9	1839471333	35.5	0.4	45	79.12	0.858961552	10	532.5151772	10.17187	51	88.44	17772871	0.0087	153163	6000	33.4	0.15	1.84	756614	23	0.9	15952124	0.0025
China	2425.471293	5.56	0.3713568	18.7	1.01E+11	68.90000153	0.1	34.37778952	73.456	0.319532369	-7	331.376632	16.91324806	72.80000305	43.1	1393783836	0.0059	8217299	-313996	35.7	0.14	1.66	9596947	145	0.54	756300115	0.1924
Colombia	3233.42378	6.59	2.2156207	30.3	2269806000	54.90000153	0.5	36.49987464	73.703	0.237607469	7	404.5913654	4.907702	63.20000076	74.5	48929706	0.0126	608301	-24000	28	0.1	2.33	1138907	43	0.76	37240023	0.0068
Comoros	336.3687495	0.28	 	19.5	2368666.667	59.29999924	0.1	5.098265306	61.061	 	9	 	4.751083851	68	28.08	752438	0.0238	17521	-2000	19.1	0.05	4.81	1861	404	0.28	213419	0.0001
Congo, Dem. Rep.	103.7758572	3.39	0.628381	10.3	169180000	50.40000153	 	0.720008677	48.397	 	5	30.70924355	14.71302032	66.19999695	33.96												
Congo, Rep.	1253.292015	4.46	0.7716936	20.6	46306333.33	52.29999924	3.4	4.999875093	57.379	 	-4	56.37245031	9.873761177	64.19999695	61.34												
Cook Islands		3.23	 	 	1045000		 	 	 	 		 	4.373364925		 												
Costa Rica	5188.900935	5.81	0.4736536	30.9	148470666.7	40.09999847	0.3	36.49911472	79.311	 	10	798.3405996	6.597168	58.59999847	63.26	4937755	0.0135	65589	13277	30.1	0.11	1.83	51100	97	0.66	3259450	0.0007
Cote d'Ivoire	591.0679443	6.47	0.2339148	26	228748666.7	38.09999847	3.4	2.599973655	55.377	 	0	70.38744444	20.31793022	59.90000153	48.78												
Croatia	6338.494668	15	1.1032787	62.1	310024000	39.40000153	0.06	60.11970702	76.64	 	9	1494.410268	14.77625	47.09999847	57.28	4272044	-0.0041	-17670	-1783	42.8	0.26	1.48	56538	76	0.59	2506962	0.0006
Cuba	4495.046262	5.12	1.4953835	31.2	1286670000	43.70000076	0.1	15.89997034	79.143	 	-7	528.7873497	10.57191	56	75.66	11258597	-0.0006	-7032	-29767	40.7	0.19	1.46	110861	102	0.75	8458245	0.0016
Cyprus	15313.85935	8.84	2.4549129	67.2	183535000	51.29999924	 	53.02474483	79.591	 	10	2123.762863	2.206169	59.09999847	69.9	1153058	0.0104	11892	7333	35.6	0.18	1.47	9251	125	0.71	819828	0.0002
Czech Rep.	7381.312751	16.47	0.5157058	58.4	1776016000	47.59999847	0.06	68.63813347	77.685	0.876778335	8	1438.780412	12.36798	56	73.5												
Denmark	30532.27704	12.02	1.012373	88.7	3503877667	58.09999847	0.2	88.77025387	78.826	1.567527461	10	1884.299342	8.973104	63.09999847	86.68	5640184	0.0038	21088	15487	41.3	0.24	1.87	43094	131	0.87	4926011	0.0008
Djibouti	895.3183396	1.87	3.4515458	19.5	14054333.33		2.5	6.49792351	57.937	 	2	 	4.993475914		87.3	886313	0.0153	13381	-3344	23.1	0.06	3.5	23200	38	0.77	685322	0.0001
Dominica	6147.77961	8.68	 	 	2401666.667		 	47.28043603	 	 		 	5.835250854		73.92												
Dominican Rep.	4049.169629	6.28	1.469369	36.1	446365333.3	40.5	0.9	39.53127426	73.396	 	8	457.6448423	6.519536972	52.70000076	69.02												
Ecuador	1728.020976	9.43	1.0179463	23.5	692039333.3	45.5	0.4	28.99947674	75.632	0.732816541	5	314.8261997	8.504684448	59.70000076	65.58	15982551	0.0155	244673	-6549	26.4	0.1	2.61	283560	56	0.69	11043074	0.0022
Egypt	1975.551906	0.32	3.2908071	24.2	3341129000	18.20000076	0.06	26.74002538	73.235	0.447479266	-3	536.7604507	1.799903631	42.40000153	42.72	83386739	0.0162	1330361	-47438	25.5	0.09	2.82	1001450	83	0.44	36713659	0.0115
El Salvador	2557.433638	3.99	1.321155	13.6	143586666.7	44.79999924	0.8	15.89998203	72.196	 	8	256.0991513	7.304886	58.20000076	60.7	6383752	0.0068	43298	-47399	24.4	0.1	2.23	21041	303	0.66	4226455	0.0009
Equatorial Guinea	8654.536845	6.12	0.3976544	16.5	26125000	39.59999847	5	6.003437143	51.088	 	-5	 	10.12934971	61.70000076	39.38	778061	0.0278	21047	4000	20.8	0.05	4.98	28051	28	0.4	311506	0.0001
Eritrea	131.796207	1.64	9.8201265	19.5	7315000	51.70000076	0.8	5.399666997	61.597	 	-7	20.28813109	8.913362503	64.90000153	20.72	6536176	0.0321	203041	11000	18.5	0.04	4.83	117599	56	0.23	1485826	0.0009
Estonia	6238.537506	17.24	0.9984276	47.7	277170666.7	52.09999847	1.2	74.1630403	74.825	 	9	1411.230532	16.95924	56.5	69.46	1283771	-0.0027	-3480	0	41.1	0.24	1.6	45100	28	0.7	894636	0.0002
Ethiopia	220.8912479	4.1	0.3617085	24.7	119958666.7	73	 	0.74999585	59.274	 	1	15.05623591	10.07194233	80.69999695	17	96506031	0.0256	2405275	-11577	18.4	0.05	4.72	1104302	87	0.18	17172948	0.0133
Faeroe Islands		 	 	 	21351000		 	75.2	 	 		 	 		41.42												
Fiji	2230.676374	2.76	1.1772684	31.2	35717000	36.79999924	0.1	14.83073588	69.245	 	-4	 	3.94025898	56.40000153	52.36	887027	0.0068	5962	-5745	27.3	0.09	2.63	18274	49	0.53	473778	0.0001
Finland	27110.73159	13.1	1.1774157	84.7	2420300667	53.40000153	0.1	86.89884451	79.977	1.938654268	10	4036.953993	16.23437	57.20000076	63.3	5443497	0.0032	17174	10731	42.5	0.27	1.85	338147	16	0.84	4576718	0.0008
France	22878.46657	12.48	1.2337802	91.9	33341634333	45.59999847	0.4	77.49861935	81.539	1.328291411	9	2539.753273	14.09153	51.20000076	77.36	64641279	0.0054	349999	124252	40.8	0.24	1.98	551500	117	0.87	56419209	0.0089
French Polynesia		 	 	34.2	19800000		 	48.95732841	75.133	 		 	 		51.64	279835	0.0109	3004	-147	31.2	0.11	2.09	4000	70	0.51	144057	0
Gabon	4180.765821	9.46	1.0189063	18.2	170804333.3	52.59999847	5.2	7.232224246	62.703	 	3	537.1047381	7.745064735	59	85.04	1711294	0.0237	39583	1139	20.8	0.07	4.15	267682	6	0.87	1490109	0.0002
Gambia	354.5997263	3.58	0.1345905	6.4	7355333.333	65.69999695	2	9.196775477	58.491	 	-5	 	6.449156761	71.69999695	56.42	1908954	0.0323	59669	-2706	17	0.04	5.78	11295	169	0.59	1123516	0.0003
Georgia	1258.762596	6.66	1.4507353	51.8	81191000	48.5	0.1	26.29725148	73.737	 	6	617.9255518	1.574350119	55.59999847	52.74	4322842	-0.0042	-18053	-25930	37.8	0.2	1.81	69700	62	0.53	2300472	0.0006
Germany	25306.18719	12.14	0.5758096	79.8	41229554667	46.79999924	0.1	82.52689791	80.414	1.398500033	10	1693.891898	9.211085	53.5	73.64	82652256	-0.0009	-74370	42856	45.9	0.28	1.4	357021	232	0.74	61437197	0.0114
Ghana	358.9795398	3.11	0.1314868	28.1	188268666.7	64.09999847	1.8	9.549930701	64.228	 	8	97.24649212	6.288554668	65.09999847	50.02	26442178	0.0208	537580	22722	20.8	0.05	3.95	238534	111	0.54	14229154	0.0037
Gibraltar		 	 	 	7388333.333		 	65	 	 		0	 		 												
Greece	13577.87989	11.01	3.0932506	51.6	2712915333	37.79999924	0.1	44.57007444	79.915	1.628614887	10	1690.718434	2.816705	49.59999847	61	11128404	0	414	10163	43.2	0.26	1.51	131956	84	0.62	6921007	0.0015
Greenland	20751.89342	 	 	 	23635333.33		 	63.84915272	 	 		 	 		83.52												
Grenada	5330.401612	10.71	 	 	4774000		 	33.61668288	75.956	 		 	3.576478243		30.84	106303	0.0038	406	-855	26.7	0.1	2.21	344	309	0.4	42699	0
Guadeloupe		 	 	 	45778333.33	38.29999924	 	 	79.839	 		 	 	43.09999847	 	468016	0.0048	2216	-700	38	0.19	2.09	1705	274	0.98	460686	0.0001
Guam		 	 	50.4	 		 	 	76.142	 		 	 		93.16	167546	0.0147	2422	0	29.9	0.13	2.44	549	305	0.93	156328	0
Guatemala	1860.753895	7.1	0.6608385	25.9	242594000	44	0.8	10.49994819	71.172	 	8	187.3248822	2.234896	62.70000076	48.58	15859714	0.0253	391511	-18251	19.5	0.07	3.88	108889	146	0.51	8110242	0.0022
Guinea	411.5014473	0.79	0.4026995	15.3	46684000	77.59999847	1.3	0.999958926	54.097	 	-1	 	7.443826199	81.5	34.44	12043898	0.0254	298709	-2818	18.7	0.05	5.04	245859	49	0.37	4445011	0.0017
Guinea-Bissau	161.3171371	3.9	0.9301079	28.1	7813666.667	49.90000153	2.5	2.450362244	48.132	 	6	 	7.563692093	65.90000153	29.84	1745798	0.0244	41543	-2491	19.2	0.05	5.02	36125	48	0.46	801478	0.0002
Guyana	1200.652075	8.7	0.8776657	29.5	69329333.33	41.79999924	1.2	29.87992146	69.927	 	6	 	35.75287247	58.90000153	28.38	803677	0.0051	4064	-6554	22.8	0.06	2.59	214944	4	0.29	230386	0.0001
Haiti	371.4241975	5.92	0	4.4	40857666.67	35.40000153	1.9	8.370206884	62.095	 	5	9.192394708	1.519248009	55.90000153	46.84	10461409	0.014	143948	-37282	22.5	0.07	3.25	27750	377	0.57	5985632	0.0014
Honduras	1392.411829	4.43	0.7108232	25.9	131703000	34.20000076	0.8	11.09076463	73.126	 	7	278.739635	7.060184479	56.29999924	47.88	8260749	0.0201	163061	-11487	22.2	0.07	3.08	112088	74	0.54	4449281	0.0011
Hong Kong, China	35536.07247	 	 	 	1026813333	51.59999847	 	71.84912394	82.759	2.282655406		1468.640784	 	59	100												
Hungary	5634.003948	16.12	0.8668624	63	4244009000	40.29999924	0.06	65.16325092	74.414	0.67109758	10	1154.179932	20.16201	47.29999924	67.5	9933173	-0.0022	-21768	15752	40.8	0.24	1.39	93032	107	0.71	7036844	0.0014
Iceland	33945.31442	7.38	0.0661	90	92770333.33	69.59999847	0.3	95.63811321	81.804	 		2826.044873	11.42618084	73.59999847	92.26	333135	0.0109	3600	1175	35.7	0.18	2.09	103010	3	0.94	313295	0
India	786.7000981	2.69	0.5739204	19.1	30391317000	32.29999924	0.3	7.499995878	65.438	0.126978752	9	110.7054664	18.58382607	55.40000153	29.54	1267401849	0.0122	15262253	-483402	26.6	0.09	2.53	3287265	386	0.32	410404773	0.175
Indonesia	1143.831514	0.56	0.5159403	26.1	6710201667	44.09999847	0.2	9.900038672	69.366	0.248466951	8	221.9614614	11.39611149	61.5	51.46	252812245	0.0118	2946614	-141488	28.1	0.08	2.38	1904567	133	0.53	133860626	0.0349
Iran	2161.54651	1.03	2.0263996	17.1	9183548000	26.89999962	0.2	13.00011072	72.974	1.162576448	-7	753.2098022	6.021882057	47.79999924	68.46	78470222	0.0132	1023054	-67715	29	0.08	1.92	1648188	48	0.7	54547946	0.0108
Iraq	736.2680538	0.47	7.7379125	31.7	2421917667	12.39999962	 	2.471948347	69.042	 	0	0	17.03264618	37.40000153	66.6	34768761	0.0297	1003529	-90291	19.9	0.05	4.12	438319	79	0.66	23088950	0.0048
Ireland	27595.09135	14.92	0.4500244	74.9	1633778667	51	0.2	69.77039441	80.557	1.700261751	10	2051.802338	10.36507	59.90000153	61.34	4677340	0.0108	50167	11670	35.6	0.17	2	70273	67	0.63	2952477	0.0006
Israel	22275.75166	2.52	5.8731426	90.8	1561079667	46.40000153	0.2	65.38778594	81.618	 	10	2342.435248	5.931845	51.29999924	91.66	7822107	0.0115	88963	19636	30.1	0.15	2.91	22145	353	0.92	7201448	0.0011
Italy	18982.26929	9.72	1.7293464	74.4	19000454000	35.79999924	0.3	53.7402166	81.855	1.207249814	10	1176.385457	4.930044509	46.40000153	68.08	61070224	0.0013	79947	209262	44.7	0.27	1.46	301318	203	0.69	42101235	0.0084
Jamaica	3665.348369	5.17	0.2437395	43.5	340090666.7	47.5	1.7	26.47722324	73.127	 	9	368.4346061	4.417507172	58.20000076	53.3	2798837	0.0054	14949	-16730	28	0.12	2.3	10991	255	0.52	1464344	0.0004
Japan	39309.47886	7.79	0.3618584	32.7	46092214667	46.20000076	0.06	77.63853515	83.394	1.593223489	10	2257.572233	18.94693	57.29999924	66.48	126999808	-0.0011	-143769	73466	46.2	0.33	1.4	377873	336	0.93	117995650	0.0175
Jordan	2534.00038	0.65	5.9096991	33	377303666.7	13	 	38.88120159	73.403	 	-3	719.4765302	0.201448724	38.90000153	78.42	7504812	0.0318	231013	81911	23.7	0.05	3.34	89342	84	0.83	6261026	0.001
Kazakhstan	2481.718918	11.1	0.9562696	38.7	2484925667	58.20000076	0.1	33.38212816	67.017	0.779964667	-6	484.098988	25.4046	63.70000076	57.94	16606878	0.0101	166292	0	29.5	0.1	2.46	2725119	6	0.53	8859912	0.0023
Kenya	468.6960436	3.88	0.1595738	25.2	283583666.7	66.59999847	6.3	25.8997967	57.134	 	7	41.18000321	10.93771839	73.19999695	21.6	45545980	0.0269	1192289	-13051	18.9	0.04	4.49	580366	78	0.25	11482050	0.0063
Kiribati	760.262365	2.7	 	 	1111000		 	8.95914	 	 		 	 		43.84	103942	0.0155	1591	-200	23.8	0.07	3.01	726	143	0.44	46072	0
Korea, Dem. Rep.		 	10.6385211	20.4	5896388667	56	 	 	68.846	 	-9	0	4.735673428	64.59999847	62.68												
Korea, Rep.	16372.49978	19.15	2.8339665	20.4	9666891667	48	0.06	82.515928	80.642	2.087848011	8	1142.309009	22.40456	58.90000153	81.46												
Kuwait		0.1	1.6095482	31.8	1712755000	42	 	38.26023355	74.576	6.467567888	-7	8362.567977	1.498057424	65.69999695	98.36	3479371	0.0329	110799	65038	29.4	0.04	2.62	17818	195	0.98	3419985	0.0005
Kyrgyzstan	372.728414	4.72	0.8377678	23	87970666.67	48.79999924	0.3	19.58231645	67.714	 	1	428.3123071	9.875281	58.90000153	36.28	5625015	0.014	77467	-32884	24.9	0.07	3.03	199901	28	0.36	2005092	0.0008
Laos	554.8798401	6.99	4.3015761	10.9	21332666.67	78.09999847	0.2	6.999880342	67.484	 	-7	 	26.21919823	78.19999695	30.88	6894098	0.0184	124371	-15000	21.7	0.06	3.14	236797	29	0.37	2582379	0.001
Latvia	5011.219456	13.45	1.3164321	44.3	125755666.7	50.70000076	0.7	71.51472354	73.339	 	8	904.6694454	20.36959	56.79999924	68.12	2041111	-0.0045	-9206	-3077	41.6	0.24	1.57	64600	32	0.68	1381995	0.0003
Lebanon	6746.612632	2.3	5.4065355	52.5	428006333.3	22.29999924	0.1	31.00437828	72.64	 	7	913.8456602	5.83831501	46	86.96	4965914	0.0299	143943	81822	30.2	0.12	1.52	10400	477	0.88	4349292	0.0007
Lesotho	495.7342469	5.56	0.2176526	13.1	 	49.79999924	23.6	3.860565398	48.196	 	8	 	7.858619213	56.29999924	25.46	2097511	0.0111	23046	-4163	20.9	0.06	3.13	30355	69	0.3	623314	0.0003
Liberia	155.0332312	5.07	0.1299529	18.8	38991333.33	53.20000076	1.5	7.000213821	56.786	 	6	 	7.1848526	66	60.14	4396873	0.0239	102796	6177	18.6	0.05	4.91	111370	39	0.49	2168530	0.0006
Libya	7885.468037	0.1	3.3116742	23.4	1414031667	23.20000076	 	14.00024673	74.788	 	-7	846.0149226	4.667024612	48.59999847	77.54	6253452	0.0084	51931	-39162	26.9	0.07	2.44	1759553	4	0.78	4893341	0.0009
Liechtenstein	81647.10003	 	 	 	 		 	80	 	 		 	 		14.32												
Lithuania	5332.238591	16.3	1.4878309	38.5	226255333.3	48.79999924	0.1	62.81190001	72.231	0.812369438	10	758.8587192	33.34186	53.09999847	66.96	3008287	-0.0029	-8646	-8027	39.5	0.21	1.49	65300	46	0.67	2029313	0.0004
Luxembourg	52301.58718	12.84	0.7313362	82.5	592012666.7	45.90000153	0.3	90.07952663	79.963	 		1566.106139	12.40591812	53.5	82.44	536761	0.012	6381	5661	39.1	0.2	1.66	2586	208	0.86	462121	0.0001
Macao, China	33923.31387	 	 	 	38397333.33	57.5	 	56.76408235	80.934	 		 	 	63.59999847	100												
Macedonia, FYR	2221.185664	8.94	2.101467	52.1	168883000	26.79999924	 	51.91418432	74.847	 	9	 	7.876878262	34.90000153	66.9												
Madagascar	242.6775342	1.32	0.2351846	19.5	62777000	79.19999695	0.2	1.699985145	66.718	 	0	 	5.767406464	83	29.52	23571962	0.0282	647111	-1000	18.6	0.05	4.57	587039	40	0.34	8122672	0.0033
Malawi	184.1417966	1.44	0.1145925	10.5	28490000	69	11	2.259975885	54.21	 	6	 	10.17173481	71.80000305	18.8	16829144	0.0285	466577	0	17.3	0.05	5.5	118484	142	0.16	2717984	0.0023
Malaysia	5184.709328	0.87	1.1421267	30.8	2670950333	43.09999847	0.5	56.3000337	74.221	0.890813171	6	767.9703238	8.2110672	60.5	70.36	30187896	0.0158	470931	96816	27.8	0.09	2	329847	92	0.75	22552009	0.0042
Maldives	4038.857818	 	 	 	8231666.667	42.09999847	0.06	28.28970095	76.848	 		 	22.35347939	56.90000153	37.86	351572	0.019	6549	-11	25.5	0.07	2.31	298	1180	0.44	156144	0
Mali	269.8928811	0.99	0.3269778	18.2	17515666.67	34.40000153	1	2.699966448	51.444	 	7	 	8.262892723	45.70000076	32.18	15768227	0.0305	466577	-48558	16.2	0.04	6.85	1240225	13	0.37	5810359	0.0022
Malta	11066.78414	4.1	1.1443188	76.1	73784333.33	30.10000038	0.1	63.07799279	79.634	 		1598.673959	4.551121235	46.79999924	94.26	430146	0.0027	1142	978	41.1	0.24	1.36	316	1361	0.95	409840	0.0001
Marshall Islands	2437.282445	 	 	 	1206333.333		 	 	 	 		 	7.202383518		71.08												
Martinique		 	 	 	56162333.33	38.20000076	 	 	80.499	 		 	 	42.5	 	404705	0.0025	1023	-489	42.2	0.23	1.85	1102	367	0.89	360132	0.0001
Mauritania	609.1312059	0.11	1.5512617	28.1	56818666.67	45.29999924	0.7	2.999803179	58.582	 	-2	 	6.882952213	46.90000153	41	3984457	0.0243	94577	3475	19.9	0.05	4.75	1025600	4	0.42	1687268	0.0006
Mauritius	5182.143721	3.53	0.3495439	31.6	59473333.33	36.29999924	1	28.7318835	73.373	 	10	 	8.08154	54.5	42.48	1249151	0.0038	4748	0	35	0.14	1.53	2040	612	0.42	522802	0.0002
Mexico	6105.280743	8.55	0.6123401	26.4	13304503667	39.59999847	0.3	31.05001287	76.954	0.770566504	8	431.6253788	4.288574	57.90000153	77.2	123799215	0.012	1466816	-267202	27.3	0.1	2.23	1958198	63	0.79	97734761	0.0171
Micronesia, Fed. Sts.	2146.358593	5.25	 	 	 		 	20.01153153	68.978	 		 	4.762269974		22.54												
Moldova	595.8745345	23.01	0.5415062	49.6	149904333.3	43.59999847	0.4	40.1222347	69.317	 	8	304.9401148	15.53849	44.29999924	41.76	3461380	-0.0074	-25824	-22790	36	0.18	1.46	33851	102	0.5	1723524	0.0005
Monaco	105147.4377	 	 	 	 		 	 	 	 		 	11.1510725		100												
Mongolia	772.9333448	3.41	1.2118685	6.6	300934333.3	50.90000153	0.06	12.90000468	68.498	 	10	303.8054487	13.08961582	52.09999847	57.18	2881415	0.0149	42342	-3000	27.1	0.06	2.43	1566838	2	0.71	2048942	0.0004
Montenegro	2222.335052	 	 	 	 		 	51.95803797	74.573	 	9	 	 		60.18	621542	0.0003	159	-529	37.3	0.19	1.68	13812	45	0.64	396949	0.0001
Morocco	1844.351028	1.24	2.0858528	22.5	953051000	22.20000076	0.1	49.00063184	72.15	 	-6	209.0945173	2.109413624	46.20000076	56.02	33492909	0.0147	484759	-96109	27.2	0.08	2.69	446548	75	0.58	19469883	0.0046
Mozambique	389.7636343	2.27	0.1022692	3.9	107096000	82.19999695	11.5	4.170136385	50.239	 	5	31.3868377	10.55037498	77	36.84	26472977	0.0247	639225	-4782	17.3	0.05	5.29	801580	33	0.32	8467165	0.0037
Myanmar		0.58	1.9129653	20.2	322960000	66.5	0.6	 	65.193	 	-6	38.00563737	10.11499691	74.69999695	32.58												
Namibia	2667.24671	12.09	1.9729132	24.7	26209333.33	37.29999924	13.1	6.500822821	62.465	 	6	0	8.021969795	42	36.84	2347988	0.0194	44673	-1147	21.5	0.06	3.14	824434	3	0.4	941364	0.0003
Nauru		4.81	 	 	4814333.333		 	 	 	 		 	4.079525471		 												
Nepal	268.2594495	2.42	1.0127322	21.8	52657000	54.59999847	0.4	7.930096349	68.795	 	6	31.54456397	11.65520954	61.79999924	17.24	28120740	0.0116	323283	-92841	22.7	0.08	2.44	147181	191	0.18	5062259	0.0039
Netherlands	26551.84424	9.75	0.5261262	86.7	9483023000	54.29999924	0.2	90.70355509	80.734	2.997654606	10	1490.056909	8.164005	61.29999924	81.82	16802463	0.0026	43234	10218	42.1	0.24	1.77	41528	405	0.84	14161696	0.0023
Netherlands Antilles		 	 	 	102538333.3	47.09999847	 	 	76.652	 		0	 	53.5	92.68												
New Caledonia		 	 	 	90269666.67		 	 	76.521	 		 	 		64.78	259824	0.013	3328	1068	33	0.14	2.16	18575	14	0.61	159332	0
New Zealand	14778.16393	9.99	0.3891575	91.9	1321661000	58.29999924	0.1	83.00258425	80.654	1.579621147	10	2993.09266	12.17976	65	86.56	4551349	0.0101	45588	14459	37.1	0.2	2.07	270527	17	0.86	3931362	0.0006
Nicaragua	948.355952	5.21	0.5265916	23.9	109681000	36	0.2	9.998554154	74.044	 	9	126.8265778	12.12226868	58.79999924	56.74	6169269	0.0146	88791	-26582	23.4	0.07	2.56	130000	47	0.58	3606949	0.0009
Niger	180.083376	0.34	0.2177167	23.3	30800000	38	0.8	0.829997485	54.675	 	-3	 	9.257975578	60.40000153	16.54	18534802	0.0395	703532	-5699	15	0.04	7.58	1266990	15	0.19	3450914	0.0026
Nigeria	544.5994767	12.72	0.3331953	31.2	2386820333	36.5	3.6	28.43003266	51.879	 	4	74.0642409	7.631049633	50.90000153	48.36	178516904	0.0282	4901559	-60000	17.8	0.04	6.01	923766	193	0.51	91834051	0.0246
Niue		8.69	 	 	132000		 	 	 	 		 	4.217076302		 												
Norway	39972.35277	8.35	0.7205279	74.8	1962704333	60.90000153	0.1	93.27750793	81.097	2.191226044	10	7432.130852	10.823	65	77.48	5091924	0.0098	49253	30903	39.1	0.22	1.93	385168	13	0.8	4083119	0.0007
Oman	11191.81101	0.92	4.4659976	13.2	487993000	22.60000038	0.1	61.98741286	72.974	 	-8	2124.608816	3.716739416	50.70000076	71.62	3926492	0.081	294048	103237	26.7	0.04	2.9	309489	13	0.74	2913295	0.0005
Pakistan	668.547943	0.05	1.6494507	50.1	2329308667	19	0.1	16.78003702	65.437	0.11809206	5	186.925515	12.86981487	51	36.16	185132926	0.0164	2990332	-334980	22.8	0.07	3.3	796096	233	0.37	68888535	0.0256
Palau	6243.571318	9.86	 	 	1723333.333		 	 	 	 		 	5.554276466		80.46												
Panama	5900.616944	7.3	0.7502103	29	170404666.7	43.40000153	0.9	42.74781206	76.128	 	9	500.2885055	6.1052819	59.79999924	73.2	3926017	0.016	61847	5461	28.2	0.11	2.51	75516	52	0.77	3020942	0.0005
Papua New Guinea	744.2394132	3.64	0.1051147	17.3	88337333.33	68.90000153	0.9	1.280049647	62.791	 	4	 	11.95694065	70.40000153	12.54	7476108	0.0212	154846	0	21	0.05	3.86	462831	16	0.13	950364	0.001
Paraguay	1621.177078	7.91	0.885386	34.4	95256333.33	65.30000305	0.3	19.80168119	72.477	 	8	528.648051	4.409532	73.09999847	60.3	6917579	0.0169	115284	-8000	24.1	0.08	2.93	406749	17	0.63	4391845	0.001
Peru	3180.430612	6.53	1.4356332	35.1	1146277000	59.79999924	0.4	34.30060399	73.99	0.288892973	9	239.389457	1.658907771	68.30000305	71.4	30769077	0.013	393474	-71581	26.8	0.1	2.47	1285204	24	0.78	24073769	0.0042
Philippines	1383.401869	6.08	0.3880673	46.6	2008116000	46.79999924	0.06	24.99994585	68.749	0.140466308	8	179.6151806	1.922485113	61	64.92	100096496	0.0173	1702922	-156793	23.2	0.07	3.11	300000	334	0.5	49643960	0.0138
Poland	6575.745044	14.43	0.8101865	50.3	23053598333	42.09999847	0.1	62.47123013	76.126	0.687102793	10	704.3997516	13.63706	48.70000076	61.32	38220543	0.0001	3908	-8613	39.1	0.22	1.39	323251	118	0.61	23216731	0.0053
Portugal	11744.83417	13.89	1.616886	55.5	1865922667	50.59999847	0.6	51.2804784	79.499	1.180264627	10	1259.392457	8.188375473	57.59999847	59.46	10610304	0.0002	2148	19999	42.6	0.25	1.33	91982	115	0.63	6646197	0.0015
Puerto Rico	15822.11214	 	 	50.4	 	34.59999847	 	42.69233477	79.158	 		 	 	42.40000153	98.32	3683601	-0.0013	-4717	-21934	36	0.19	1.65	8875	415	0.99	3652129	0.0005
Qatar	33931.83208	1.29	1.3342359	33.3	811965000	39.59999847	0.06	81.59039727	78.371	4.207430892	-10	4759.453844	2.515720844	76	95.64	2267916	0.0458	99243	111381	31.7	0.02	2.08	11000	206	0.99	2248093	0.0003
Reunion		 	 	 	55146666.67	37.90000153	 	 	77.653	 		 	 	44.20000076	 												
Romania	2636.7878	16.15	1.5367663	44.3	7104137333	43.79999924	0.1	40.02009488	73.979	0.423524289	9	467.5658077	10.05932	49.5	54.24	21640168	-0.0027	-58417	-9353	39.7	0.21	1.4	238391	91	0.53	11449200	0.003
Russia	2923.144355	16.23	1.9414459	38.8	23404568000	53.79999924	1	43.36649772	68.823	1.032469884	4	825.9411107	27.87416	58.79999924	72.84	142467651	-0.0026	-366038	254018	38.4	0.19	1.51	17076310	8	0.74	105911587	0.0197
Rwanda	338.2663912	9.99	0.7268554	8.8	20152000	80.5	2.9	13.00000612	55.442	 	-3	 	13.11794853	79.80000305	18.34	12100049	0.0275	323527	-9643	18.3	0.04	4.66	26338	459	0.2	2424481	0.0017
Saint Kitts and Nevis	9175.796015	10.62	 	 	2251333.333		 	76.58753846	 	 		 	 		32.32												
Saint Lucia	5248.582321	12.05	 	 	7601000		 	40.06137931	74.641	 		 	8.21094799		27.84	183598	0.0073	1325	19	30.9	0.12	1.95	539	341	0.16	28564	0
Saint Vincent and the Grenadines	4885.046701	4.99	 	 	3659333.333		 	 	72.283	 		 	9.593027115		47.04	109371	0	-2	-1005	29.4	0.11	2.03	388	282	0.5	55201	0
Samoa	1784.071284	4.51	 	34.2	4352333.333		 	6.965038043	72.444	 		 	5.542323589		23	191831	0.0077	1459	-2637	21.1	0.08	4.22	2831	68	0.19	37025	0
San Marino	31993.20069	 	 	 	 		 	 	 	 		 	6.087670803		94.22												
Sao Tome and Principe		8.45	 	 	2335666.667		 	18.79511364	64.666	 		 	10.49314976		60.56	197882	0.0253	4889	-300	19.3	0.05	4.17	964	205	0.65	127876	0
Saudi Arabia	9425.32587	0.34	2.6182964	24.7	7861553333	17.70000076	 	41.00012846	73.911	4.572267808	-10	3433.932449	6.401537895	51.20000076	82.42	29369428	0.0188	540558	52720	27.9	0.05	2.74	2149717	14	0.83	24349303	0.0041
Senegal	561.7085848	0.51	0.3622613	18.4	127108666.7	56.90000153	0.9	15.99964999	59.318	 	7	55.79474354	6.81143856	65.59999847	42.38	14548171	0.0294	414891	-22134	18.1	0.05	5	196722	74	0.43	6325367	0.002
Serbia	1194.711433	12.21	 	 	 		0.1	43.05506706	74.522	 	8	1387.978521	13.71634		52.04	9468378	-0.0044	-42128	-23840	39	0.22	1.38	88361	107	0.57	5436059	0.0013
Serbia and Montenegro		 	 	58.4	 	41.09999847	 	 	 	 		 	14.46964836	48.70000076	 												
Seychelles	8614.120219	12.11	 	 	9155666.667		 	40.77285057	 	 		 	9.507927895		54.34	93306	0.005	468	-290	32.9	0.11	2.21	455	205	0.55	51117	0
Sierra Leone	268.3317903	9.48	0.5235483	28.1	29758666.67	63.40000153	1.6	 	47.794	 	7	 	11.98049736	63.79999924	37.76	6205382	0.0186	113307	5181	19.2	0.04	4.83	71740	86	0.4	2506225	0.0009
Singapore	32535.83251	1.54	6.3949358	48.7	1548044667	51.29999924	0.1	71.13170731	81.126	12.22864499	-2	1464.837281	9.127511	62.40000153	100	5517102	0.0195	105365	81879	38.4	0.16	1.28	683	8078	1	5517102	0.0008
Slovak Republic	8445.526689	13.31	0.628578	48	590674333.3	45.29999924	0.06	79.88977734	75.446	0.677392785	10	830.701647	10.64574	53.40000153	56.56												
Slovenia	12729.4544	14.94	1.1602817	58.9	214368000	49.40000153	0.06	69.33997072	79.341	 	10	1585.174739	19.42261	55.90000153	48.6	2075592	0.0017	3595	5071	42.7	0.24	1.49	20256	102	0.5	1034487	0.0003
Solomon Islands	1144.102193	1.37	 	29.8	5210333.333	51.29999924	 	5.001375465	67.852	 	8	 	4.484752655	65	17.96	572865	0.0207	11634	-2375	19.8	0.05	4.12	28896	20	0.22	124919	0.0001
Somalia		0.5	 	19.5	16379000	50.70000076	0.7	 	51.219	 	0	 	29.86416435	66	36.52	10805651	0.0295	310068	-34461	16.4	0.04	6.71	637652	17	0.39	4231814	0.0015
South Africa	3745.649852	10.16	0.3318626	35	14609848000	34.29999924	17.8	12.33489326	52.797	0.504659453	9	920.1375998	15.714571	41.09999847	60.74	53139528	0.0069	363398	33917	26.2	0.09	2.43	1221037	44	0.63	33638902	0.0073
Spain	15461.75837	11.83	0.9795374	50.9	10822529667	41.70000076	0.4	65.80855367	81.404	1.616859122	10	1779.50351	5.888479	52.5	77.12	47066402	0.003	139439	156310	41.8	0.23	1.48	505992	93	0.78	36646776	0.0065
Sri Lanka	1295.742686	0.81	2.569643	23.6	253854333.3	39.20000076	0.06	11.99997066	74.941	 	6	161.0934685	28.10404587	55.09999847	15.1	21445775	0.0081	172547	-65828	31.7	0.13	2.34	65610	327	0.15	3298712	0.003
Sudan	523.9501515	2.56	0.969499	22.5	225019666.7	27.89999962	1.1	 	61.452	 	-4	50.89210138	9.709555626	47.29999924	43.44	38764090	0.0211	799784	-145645	19.3	0.05	4.53	1861510	21	0.34	13058626	0.0054
Suriname	2668.020519	6.56	1.0584191	30	86317000	30.39999962	1	31.5680976	70.563	 		 	20.7474308	44.70000076	74.92	543925	0.0086	4649	-1000	28.8	0.1	2.31	163833	3	0.71	385695	0.0001
Swaziland	1810.230533	5.05	 	12.3	22704000	47.09999847	25.9	9.007735909	48.718	 	-9	 	12.87222195	50.90000153	24.94	1267704	0.0146	18190	-1200	20.3	0.05	3.44	17364	73	0.21	268437	0.0002
Sweden	32292.48298	9.5	0.3520917	87.8	4286590000	56.70000076	0.1	90.01619002	81.439	1.545893802	10	4304.514402	11.11583	60.70000076	84.54	9631261	0.0063	60156	42234	41.1	0.26	1.91	449954	21	0.86	8249625	0.0013
Switzerland	37662.75125	11.41	0.52422	81.7	2406741333	57	0.4	82.16665988	82.338	1.487412187	10	2361.033336	13.23981	64.30000305	73.48	8157896	0.0099	80063	64965	42.1	0.24	1.52	41284	198	0.74	6030730	0.0011
Syria	1525.780116	1.49	5.9558471	44.8	1436893333	16.70000076	 	20.66315568	75.85	 	-7	815.0310909	0.523527563	44.79999924	54.22	21986615	0.004	88554	284013	22.6	0.07	3.04	185180	119	0.57	12587305	0.003
Taiwan		 	 	 	5248815000	47.09999847	 	 	 	2.006514658	10	1831.731848	 	54.5	 												
Tajikistan	279.1804526	3.39	0.6048733	13.2	104170000	50.09999847	0.2	11.54939051	67.529	 	-3	405.7753854	2.648980856	54.59999847	26.46	8408947	0.0245	201113	-18197	21.9	0.05	3.82	143099	59	0.27	2246516	0.0012
Tanzania	456.3857117	7.86	0.1347296	21.1	100782000	76.09999847	5.6	11.00005544	58.199	 	-1	38.63450298	12.41118145	78.19999695	25.52	50757459	0.0305	1504333	-34461	17.5	0.05	5.31	945081	54	0.28	14271377	0.007
Thailand	2712.517199	7.08	1.0936515	16.6	4200940333	65	1.3	21.20007177	74.126	0.726249675	4	439.5897318	9.847459793	72	33.32	67222972	0.0032	212470	-29600	37.4	0.15	1.42	513113	131	0.35	23691532	0.0093
Timor-Leste	369.5729537	0.74	0.2342862	 	850666.6667	54.70000076	 	0.210066326	62.475	 	7	 	9.633114815	67.30000305	27.3	1152439	0.0173	19560	-14996	16.7	0.05	6.03	14874	77	0.29	339832	0.0002
Togo	285.2244493	1.92	0.3400308	28.1	32233666.67	48.40000153	3.2	5.379819715	57.062	 	-4	66.23852193	6.369887829	63.90000153	42	6993244	0.0259	176262	-1999	19	0.04	4.72	56785	123	0.39	2760141	0.001
Tonga	2025.282665	3.92	 	 	2907666.667		 	12.00669231	72.317	 		 	4.527851582		24.78	105782	0.0044	459	-1620	21.3	0.08	3.84	650	163	0.24	25134	0
Trinidad and Tobago	10480.8172	6.16	0.581165	51.1	 	50.5	1.5	48.51681767	70.124	 	10	2261.316713	14.54716682	61.5	13.22	1344235	0.0023	3084	-2835	33.7	0.14	1.8	5130	262	0.15	194970	0.0002
Tunisia	3164.927693	1.05	1.266624	19.6	525891666.7	21.39999962	0.06	36.56255296	74.515	 	-4	325.8395608	3.146814108	41.59999847	66.5	11116899	0.0109	120384	-6588	30.7	0.11	2.02	163609	68	0.67	7444031	0.0015
Turkey	5348.597192	3.02	2.3794147	22	5675629667	21.89999962	0.06	39.82017789	73.979	0.394489111	7	550.6966103	3.56332469	42.79999924	68.68	75837020	0.0121	904379	-47433	29.8	0.11	2.07	783562	97	0.74	56235478	0.0105
Turkmenistan	2062.125152	5	0.9314175	17.9	531303666.7	53.90000153	 	2.199997818	64.986	1.11067147	-9	351.1665941	12.21676922	58.5	48.62	5307171	0.0128	67099	-5897	26	0.07	2.37	488105	11	0.5	2639358	0.0007
Tuvalu	1714.94289	2.14	 	 	 		 	25	 	 		 	7.934811592		 												
Uganda	377.4211133	16.4	0.3445177	18.3	49793333.33	80	6.5	12.50025543	54.116	 	-1	 	12.28912163	83.19999695	12.98	38844624	0.0337	1265748	-29374	15.8	0.04	6	241037	161	0.17	6533597	0.0054
Ukraine	1036.830725	17.47	0.9311688	39.9	5584766000	49.40000153	1.1	44.58535469	68.494	0.255234906	7	673.584861	18.95457	54.40000153	67.98	44941303	-0.0066	-297502	11403	39.8	0.22	1.44	603701	74	0.69	31225151	0.0062
United Arab Emirates	21087.39412	0.52	1.8124763	24.1	2315698000	37.29999924	 	77.99678115	76.546	4.299964455	-8	11154.75503	1.392950654	75.19999695	77.88	9445624	0.0106	99495	153484	30.7	0.01	1.85	83600	113	0.85	8047522	0.0013
United Kingdom	28033.48928	13.24	0.5080181	87.2	72524250333	53.09999847	0.2	84.73170475	80.17	1.188028094	10	1933.945615	6.014659	59.29999924	89.94												
United States	37491.17952	9.7	0.9723782	101.1	3.34E+11	56	0.6	74.247572	78.531	2.738543683	10	4542.848695	9.927033	62.29999924	81.7												
Uruguay	9106.327234	8.99	1.5793413	83.1	275744333.3	46	0.5	47.86746863	77.005	 	10	823.8231975	14.53727	57.5	92.3	3418694	0.0034	11632	-6645	34.6	0.19	2.06	175012	20	0.93	3173123	0.0005
Uzbekistan	952.8272608	3.61	0.7096295	17.3	1718339333	52.59999847	0.1	19.44502055	68.287	0.182184525	-9	261.4339532	5.21372	57.5	36.82	29324920	0.0135	390818	-46905	25.6	0.07	2.35	447401	66	0.36	10668375	0.004
Vanuatu	1543.956457	0.96	 	24	2977333.333		 	7.988366667	71.017	 		 	4.983421803		24.76	258301	0.0219	5538	0	21.9	0.06	3.45	12189	21	0.26	66730	0
Venezuela	5528.363114	7.6	0.9040245	34.3	5418886000	45.79999924	 	35.85043696	74.402	1.214636773	-3	969.0043388	4.11962	59.90000153	93.32	30851343	0.0147	446136	8000	27.4	0.1	2.43	912060	34	0.94	29023840	0.0043
Vietnam	722.8075588	3.91	1.0853671	16.2	1425435000	67.59999847	0.4	27.85182156	75.181	 	-7	302.7256547	11.65332222	71	27.84	92547959	0.0095	868226	-53768	30.3	0.1	1.78	331689	279	0.33	30482811	0.0128
West Bank and Gaza		 	5.9360854	 	14241333.33	11.30000019	 	36.42277179	72.832	 		 	 	32	71.9												
Yemen, Rep.	610.3573673	0.2	2.3162346	35.1	234864666.7	20.29999924	 	12.34975046	65.493	 	-2	130.0578314	6.265789032	39	30.64												
Zambia	432.226337	3.56	0.3413352	13	132025666.7	53.5	13.5	10.12498646	49.025	 	7	168.6230305	12.01903629	61	35.42	15021002	0.0332	482362	-9302	16.6	0.04	5.74	752631	20	0.4	6080022	0.0021
Zimbabwe	320.7718899	4.96	1.0327854	19	590219666.7	58.09999847	14.3	11.50041532	51.384	 	1	297.8832004	13.90526676	66.80000305	37.34	14599325	0.0318	449677	-91896	19.8	0.06	3.59	390753	37	0.4	5851422	0.002
